{"cameraMode":{"drawMode":0,"name":"Shaded","section":"Shading Mode"},"sceneLighting":false,"audioPlay":false,"sceneViewState":{"showFog":true,"showMaterialUpdate":true,"showSkybox":false,"showFlares":true,"showImageEffects":true,"showParticleSystems":true},"in2DMode":false,"pivot":{"x":-44.06351852416992,"y":1.9583449363708497,"z":11.29990005493164},"rotation":{"x":-0.01364965084940195,"y":0.7289406657218933,"z":-0.018508512526750566,"w":-0.6857160329818726},"size":0.6905003786087036,"orthographic":false}