{"cameraMode":{"drawMode":0,"name":"Shaded","section":"Shading Mode"},"sceneLighting":true,"audioPlay":false,"sceneViewState":{"showFog":true,"showMaterialUpdate":true,"showSkybox":true,"showFlares":true,"showImageEffects":true,"showParticleSystems":true},"in2DMode":false,"pivot":{"x":-90.89769744873047,"y":-505.27325439453127,"z":-1045.9918212890625},"rotation":{"x":-0.012470831163227559,"y":0.9736732244491577,"z":-0.22164055705070496,"w":-0.05561080947518349},"size":587.914306640625,"orthographic":false}